,A.co.uk,P.com
Task A CR,0.159090909,0.818181818
Task A ER,0.681841,0.51034632
Task B CR,0.55,0.566037736
Task B ER,0.607561291,0.592143206
